{
  "properties": {
    "connectionReferences": {
      "shared_commondataserviceforapps": {
        "runtimeSource": "embedded",
        "connection": {
          "connectionReferenceLogicalName": "new_sharedcommondataserviceforapps_5bccd"
        },
        "api": {
          "name": "shared_commondataserviceforapps"
        }
      }
    },
    "definition": {
      "$schema": "https://schema.management.azure.com/providers/Microsoft.Logic/schemas/2016-06-01/workflowdefinition.json#",
      "contentVersion": "1.0.0.0",
      "parameters": {
        "$connections": {
          "defaultValue": {},
          "type": "Object"
        },
        "$authentication": {
          "defaultValue": {},
          "type": "SecureObject"
        }
      },
      "triggers": {
        "manual": {
          "metadata": {
            "operationMetadataId": "56435b70-f7ef-402b-a651-f61b0aeeeced"
          },
          "type": "Request",
          "kind": "PowerAppV2",
          "inputs": {
            "schema": {
              "type": "object",
              "properties": {
                "file": {
                  "title": "File Content",
                  "type": "object",
                  "x-ms-dynamically-added": true,
                  "description": "Please select file or image",
                  "x-ms-content-hint": "FILE",
                  "properties": {
                    "name": {
                      "type": "string"
                    },
                    "contentBytes": {
                      "type": "string",
                      "format": "byte"
                    }
                  }
                }
              },
              "required": []
            }
          }
        }
      },
      "actions": {
        "Extract_information_from_identity_documents": {
          "runAfter": {},
          "metadata": {
            "operationMetadataId": "f0ff14f1-eb70-4fc6-b2f1-64c25b80b4c9",
            "flowSystemMetadata": {
              "portalOperationId": "aibuilderpredict_identitydocumentpretrained",
              "portalOperationGroup": "aibuilder",
              "portalOperationApiDisplayNameOverride": "AI Builder",
              "portalOperationIconOverride": "https://content.powerapps.com/resource/makerx/static/pauto/images/designeroperations/aiBuilderNew.51dbdb6b.png",
              "portalOperationBrandColorOverride": "#0A76C4",
              "portalOperationApiTierOverride": "Standard"
            }
          },
          "type": "OpenApiConnection",
          "inputs": {
            "host": {
              "connectionName": "shared_commondataserviceforapps",
              "operationId": "aibuilderpredict_identitydocumentpretrained",
              "apiId": "/providers/Microsoft.PowerApps/apis/shared_commondataserviceforapps"
            },
            "parameters": {
              "item/requestv2/base64Encoded": "@base64ToBinary(triggerBody()?['file']?['contentBytes'])"
            },
            "authentication": "@parameters('$authentication')"
          }
        },
        "Select_-_Create_the_JSON_of_Extracted_Contents": {
          "runAfter": {
            "Extract_information_from_identity_documents": [
              "Succeeded"
            ]
          },
          "metadata": {
            "operationMetadataId": "c59f4c27-a64b-4b84-9a4e-6916708a4a5c"
          },
          "type": "Select",
          "inputs": {
            "from": [
              {
                "Key": ""
              }
            ],
            "select": {
              "Name": "@{outputs('Extract_information_from_identity_documents')?['body/responsev2/predictionOutput/result/fields/firstName/value']}@{outputs('Extract_information_from_identity_documents')?['body/responsev2/predictionOutput/result/fields/lastName/value']}",
              "DateOfBirth": "@outputs('Extract_information_from_identity_documents')?['body/responsev2/predictionOutput/result/fields/dateOfBirth/value']",
              "Gender": "@outputs('Extract_information_from_identity_documents')?['body/responsev2/predictionOutput/result/fields/sex/value']",
              "State": "@outputs('Extract_information_from_identity_documents')?['body/responsev2/predictionOutput/result/fields/region/value']",
              "Country": "@outputs('Extract_information_from_identity_documents')?['body/responsev2/predictionOutput/result/fields/country/value']",
              "Address": "@outputs('Extract_information_from_identity_documents')?['body/responsev2/predictionOutput/result/fields/address/value']"
            }
          }
        },
        "Respond_to_a_PowerApp_or_flow": {
          "runAfter": {
            "Compose_-_Final_JSON_Output": [
              "Succeeded"
            ]
          },
          "metadata": {
            "operationMetadataId": "851d9136-68e8-4bc0-9936-d47bff3304c9"
          },
          "type": "Response",
          "kind": "PowerApp",
          "inputs": {
            "statusCode": 200,
            "body": {
              "extracteddetails": "@{outputs('Compose_-_Final_JSON_Output')}"
            },
            "schema": {
              "type": "object",
              "properties": {
                "extracteddetails": {
                  "title": "ExtractedDetails",
                  "x-ms-dynamically-added": true,
                  "type": "string"
                }
              }
            }
          }
        },
        "Compose_-_Final_JSON_Output": {
          "runAfter": {
            "Select_-_Create_the_JSON_of_Extracted_Contents": [
              "Succeeded"
            ]
          },
          "metadata": {
            "operationMetadataId": "8271c3cb-6970-4ac8-8072-49911f1df7fc"
          },
          "type": "Compose",
          "inputs": "@body('Select_-_Create_the_JSON_of_Extracted_Contents')"
        }
      }
    },
    "templateName": ""
  },
  "schemaVersion": "1.0.0.0"
}